{
  "shape": [
    224,
    224
  ],
  "sum": 1.0,
  "min": 0.0,
  "max": 0.0002891462321019948,
  "argmax_yx": [
    59,
    83
  ],
  "center_yx": [
    112,
    112
  ],
  "center_value": 3.156303048810426e-05,
  "com_x": 107.46953524894789,
  "com_y": 104.59909221527163,
  "radial_cumulative_mass": {
    "5": 0.003400206151485061,
    "10": 0.013013981789059428,
    "20": 0.05167298477901186,
    "30": 0.11524507719972467,
    "40": 0.19258034897141513,
    "60": 0.3816204612231461,
    "80": 0.586201060438037
  },
  "data_config": {
    "input_size": [
      3,
      224,
      224
    ],
    "interpolation": "bicubic",
    "mean": [
      0.485,
      0.456,
      0.406
    ],
    "std": [
      0.229,
      0.224,
      0.225
    ],
    "crop_pct": 0.95,
    "crop_mode": "center"
  }
}
