{
  "shape": [
    224,
    224
  ],
  "sum": 1.0,
  "min": 0.0,
  "max": 0.0005636439911097109,
  "argmax_yx": [
    94,
    137
  ],
  "center_yx": [
    112,
    112
  ],
  "center_value": 2.4427640381914934e-05,
  "com_x": 110.65720218329587,
  "com_y": 110.42932091649031,
  "radial_cumulative_mass": {
    "5": 0.0036764821514976105,
    "10": 0.013120840619697057,
    "20": 0.04546997475319705,
    "30": 0.10564824010144824,
    "40": 0.186948944152461,
    "60": 0.3717507880999871,
    "80": 0.5545754541181428
  },
  "data_config": {
    "input_size": [
      3,
      224,
      224
    ],
    "interpolation": "bicubic",
    "mean": [
      0.485,
      0.456,
      0.406
    ],
    "std": [
      0.229,
      0.224,
      0.225
    ],
    "crop_pct": 0.95,
    "crop_mode": "center"
  }
}
