{
  "shape": [
    224,
    224
  ],
  "sum": 1.0,
  "min": 5.097980692497031e-06,
  "max": 0.0007205938407981997,
  "argmax_yx": [
    103,
    122
  ],
  "center_yx": [
    112,
    112
  ],
  "center_value": 5.432425789694425e-05,
  "com_x": 111.22780584229471,
  "com_y": 105.93423969552104,
  "radial_cumulative_mass": {
    "5": 0.010578975557403838,
    "10": 0.04280565637827889,
    "20": 0.13812791047443387,
    "30": 0.21351634203718295,
    "40": 0.2866601202797458,
    "60": 0.43783225970201095,
    "80": 0.5827351995118355
  },
  "data_config": {
    "input_size": [
      3,
      224,
      224
    ],
    "interpolation": "bicubic",
    "mean": [
      0.485,
      0.456,
      0.406
    ],
    "std": [
      0.229,
      0.224,
      0.225
    ],
    "crop_pct": 0.9,
    "crop_mode": "center"
  }
}
