{
  "shape": [
    224,
    224
  ],
  "sum": 1.0,
  "min": 3.567975686653879e-06,
  "max": 0.0016279284298568628,
  "argmax_yx": [
    104,
    102
  ],
  "center_yx": [
    112,
    112
  ],
  "center_value": 1.2763626572656662e-05,
  "com_x": 109.54176125204866,
  "com_y": 106.1488859741053,
  "radial_cumulative_mass": {
    "5": 0.007147582933342278,
    "10": 0.04083579664593044,
    "20": 0.15192752983037178,
    "30": 0.22577066090372913,
    "40": 0.2813513733089959,
    "60": 0.4027509107777367,
    "80": 0.5350469829212268
  },
  "data_config": {
    "input_size": [
      3,
      224,
      224
    ],
    "interpolation": "bicubic",
    "mean": [
      0.485,
      0.456,
      0.406
    ],
    "std": [
      0.229,
      0.224,
      0.225
    ],
    "crop_pct": 0.9,
    "crop_mode": "center"
  }
}
