{
  "shape": [
    224,
    224
  ],
  "sum": 1.0,
  "min": 1.377923758643625e-06,
  "max": 8.124316384036584e-05,
  "argmax_yx": [
    99,
    99
  ],
  "center_yx": [
    112,
    112
  ],
  "center_value": 4.338632811558182e-05,
  "com_x": 103.70820420453538,
  "com_y": 102.4399995266505,
  "radial_cumulative_mass": {
    "5": 0.0038465576727207975,
    "10": 0.014913694680928308,
    "20": 0.058281440863152775,
    "30": 0.12694937959195796,
    "40": 0.2145333405860742,
    "60": 0.4203035884504117,
    "80": 0.6264430460219774
  },
  "data_config": {
    "input_size": [
      3,
      224,
      224
    ],
    "interpolation": "bicubic",
    "mean": [
      0.485,
      0.456,
      0.406
    ],
    "std": [
      0.229,
      0.224,
      0.225
    ],
    "crop_pct": 0.95,
    "crop_mode": "center"
  }
}
