{
  "shape": [
    224,
    224
  ],
  "sum": 1.0,
  "min": 4.658843597999877e-06,
  "max": 0.0034380033162523856,
  "argmax_yx": [
    14,
    166
  ],
  "center_yx": [
    112,
    112
  ],
  "center_value": 3.1677836989544596e-05,
  "com_x": 134.22177530662165,
  "com_y": 89.36746409904806,
  "radial_cumulative_mass": {
    "5": 0.0026910172237203586,
    "10": 0.011093070737929013,
    "20": 0.03789076743816057,
    "30": 0.0649061384845144,
    "40": 0.09747923464047133,
    "60": 0.181174863224854,
    "80": 0.29362252420001916
  },
  "data_config": {
    "input_size": [
      3,
      224,
      224
    ],
    "interpolation": "bicubic",
    "mean": [
      0.485,
      0.456,
      0.406
    ],
    "std": [
      0.229,
      0.224,
      0.225
    ],
    "crop_pct": 0.9,
    "crop_mode": "center"
  }
}
