{
  "shape": [
    224,
    224
  ],
  "sum": 1.0,
  "min": 7.27030199001446e-06,
  "max": 0.000165023281366371,
  "argmax_yx": [
    105,
    101
  ],
  "center_yx": [
    112,
    112
  ],
  "center_value": 5.2881111904186917e-05,
  "com_x": 112.21457195963481,
  "com_y": 107.75543097416079,
  "radial_cumulative_mass": {
    "5": 0.005388682243251695,
    "10": 0.021860964075469374,
    "20": 0.07385969217057742,
    "30": 0.1267640606795547,
    "40": 0.18665238679635776,
    "60": 0.325024692432051,
    "80": 0.475489038206638
  },
  "data_config": {
    "input_size": [
      3,
      224,
      224
    ],
    "interpolation": "bicubic",
    "mean": [
      0.485,
      0.456,
      0.406
    ],
    "std": [
      0.229,
      0.224,
      0.225
    ],
    "crop_pct": 0.9,
    "crop_mode": "center"
  }
}
