{
  "shape": [
    384,
    384
  ],
  "sum": 1.0,
  "min": 1.3885646140691483e-06,
  "max": 0.0007872336125693867,
  "argmax_yx": [
    190,
    191
  ],
  "center_yx": [
    192,
    192
  ],
  "center_value": 7.718512058288963e-05,
  "com_x": 187.77095881292607,
  "com_y": 185.4683600519876,
  "radial_cumulative_mass": {
    "5": 0.013386850247030239,
    "10": 0.03951935649803798,
    "20": 0.12971537259106714,
    "30": 0.1846537190355786,
    "40": 0.23282235749725916,
    "60": 0.3111532569934704,
    "80": 0.38848590164232666
  },
  "data_config": {
    "input_size": [
      3,
      384,
      384
    ],
    "interpolation": "bicubic",
    "mean": [
      0.5,
      0.5,
      0.5
    ],
    "std": [
      0.5,
      0.5,
      0.5
    ],
    "crop_pct": 1.0,
    "crop_mode": "center"
  }
}
