{
  "shape": [
    224,
    224
  ],
  "sum": 1.0,
  "min": 2.762560102982433e-06,
  "max": 0.0011715414688546683,
  "argmax_yx": [
    104,
    106
  ],
  "center_yx": [
    112,
    112
  ],
  "center_value": 4.425530302851412e-05,
  "com_x": 107.26927239503513,
  "com_y": 105.75319137686199,
  "radial_cumulative_mass": {
    "5": 0.008056054170914576,
    "10": 0.04929373428476709,
    "20": 0.17150547720539056,
    "30": 0.265489031225235,
    "40": 0.3352351828214841,
    "60": 0.4650449920806118,
    "80": 0.5950933604993207
  },
  "data_config": {
    "input_size": [
      3,
      224,
      224
    ],
    "interpolation": "bicubic",
    "mean": [
      0.485,
      0.456,
      0.406
    ],
    "std": [
      0.229,
      0.224,
      0.225
    ],
    "crop_pct": 1.0,
    "crop_mode": "center"
  }
}
