{
  "shape": [
    224,
    224
  ],
  "sum": 1.0,
  "min": 2.505923820287788e-06,
  "max": 0.0005420469331865415,
  "argmax_yx": [
    100,
    100
  ],
  "center_yx": [
    112,
    112
  ],
  "center_value": 5.160696852027607e-05,
  "com_x": 107.45366575322446,
  "com_y": 105.10724819203155,
  "radial_cumulative_mass": {
    "5": 0.006466093599356472,
    "10": 0.03189841374735271,
    "20": 0.14252396204804893,
    "30": 0.25310265997225256,
    "40": 0.33554306049983385,
    "60": 0.4652170150842744,
    "80": 0.5898170167180724
  },
  "data_config": {
    "input_size": [
      3,
      224,
      224
    ],
    "interpolation": "bicubic",
    "mean": [
      0.485,
      0.456,
      0.406
    ],
    "std": [
      0.229,
      0.224,
      0.225
    ],
    "crop_pct": 1.0,
    "crop_mode": "center"
  }
}
