{
  "shape": [
    224,
    224
  ],
  "sum": 1.0,
  "min": 2.8259301746110046e-06,
  "max": 0.0009364919773101338,
  "argmax_yx": [
    104,
    105
  ],
  "center_yx": [
    112,
    112
  ],
  "center_value": 2.021420459980086e-05,
  "com_x": 109.11407921072254,
  "com_y": 104.73869647404943,
  "radial_cumulative_mass": {
    "5": 0.005457025157292405,
    "10": 0.03722686301734371,
    "20": 0.1393352576494851,
    "30": 0.21751063289863365,
    "40": 0.2781821426583784,
    "60": 0.4111312066464938,
    "80": 0.5501549576453716
  },
  "data_config": {
    "input_size": [
      3,
      224,
      224
    ],
    "interpolation": "bicubic",
    "mean": [
      0.485,
      0.456,
      0.406
    ],
    "std": [
      0.229,
      0.224,
      0.225
    ],
    "crop_pct": 1.0,
    "crop_mode": "center"
  }
}
