{
  "shape": [
    224,
    224
  ],
  "sum": 1.0,
  "min": 4.789593608325192e-06,
  "max": 0.0005760594092268469,
  "argmax_yx": [
    110,
    96
  ],
  "center_yx": [
    112,
    112
  ],
  "center_value": 0.00010656432693942873,
  "com_x": 108.07934413940129,
  "com_y": 106.36224892049245,
  "radial_cumulative_mass": {
    "5": 0.013049033011966846,
    "10": 0.041273916737833406,
    "20": 0.1422057089840687,
    "30": 0.21541855999907775,
    "40": 0.28955969352588495,
    "60": 0.4231584990087114,
    "80": 0.5646249723016912
  },
  "data_config": {
    "input_size": [
      3,
      224,
      224
    ],
    "interpolation": "bicubic",
    "mean": [
      0.5,
      0.5,
      0.5
    ],
    "std": [
      0.5,
      0.5,
      0.5
    ],
    "crop_pct": 0.9,
    "crop_mode": "center"
  }
}
