{
  "shape": [
    224,
    224
  ],
  "sum": 1.0,
  "min": 6.074961341732165e-06,
  "max": 0.00025477828476689875,
  "argmax_yx": [
    97,
    117
  ],
  "center_yx": [
    112,
    112
  ],
  "center_value": 8.469411725393396e-05,
  "com_x": 109.99590990405625,
  "com_y": 110.49634295755641,
  "radial_cumulative_mass": {
    "5": 0.009666336720877274,
    "10": 0.037694640588644884,
    "20": 0.12089790944630867,
    "30": 0.1845511918840658,
    "40": 0.24802687493499004,
    "60": 0.3797608164968907,
    "80": 0.5168033547408034
  },
  "data_config": {
    "input_size": [
      3,
      224,
      224
    ],
    "interpolation": "bicubic",
    "mean": [
      0.485,
      0.456,
      0.406
    ],
    "std": [
      0.229,
      0.224,
      0.225
    ],
    "crop_pct": 0.9,
    "crop_mode": "center"
  }
}
