{
  "shape": [
    224,
    224
  ],
  "sum": 1.0,
  "min": 4.626458275608659e-06,
  "max": 0.0005740083625785703,
  "argmax_yx": [
    97,
    96
  ],
  "center_yx": [
    112,
    112
  ],
  "center_value": 0.00011578040481569214,
  "com_x": 108.28808564492851,
  "com_y": 106.32725891620109,
  "radial_cumulative_mass": {
    "5": 0.013223669583440746,
    "10": 0.0418413583581084,
    "20": 0.14457740253257423,
    "30": 0.21970533617000404,
    "40": 0.29596055660823606,
    "60": 0.4321505699199739,
    "80": 0.5750272178506044
  },
  "data_config": {
    "input_size": [
      3,
      224,
      224
    ],
    "interpolation": "bicubic",
    "mean": [
      0.5,
      0.5,
      0.5
    ],
    "std": [
      0.5,
      0.5,
      0.5
    ],
    "crop_pct": 0.9,
    "crop_mode": "center"
  }
}
