{
  "shape": [
    224,
    224
  ],
  "sum": 1.0,
  "min": 6.154579696325378e-06,
  "max": 0.0001845219192444126,
  "argmax_yx": [
    108,
    117
  ],
  "center_yx": [
    112,
    112
  ],
  "center_value": 7.003096085258092e-05,
  "com_x": 110.5432389097334,
  "com_y": 106.80226380326872,
  "radial_cumulative_mass": {
    "5": 0.006377109211619084,
    "10": 0.025684595961775247,
    "20": 0.08506712010586748,
    "30": 0.1414945254294066,
    "40": 0.20209195442118258,
    "60": 0.3416554594897365,
    "80": 0.4979473041293669
  },
  "data_config": {
    "input_size": [
      3,
      224,
      224
    ],
    "interpolation": "bicubic",
    "mean": [
      0.485,
      0.456,
      0.406
    ],
    "std": [
      0.229,
      0.224,
      0.225
    ],
    "crop_pct": 0.9,
    "crop_mode": "center"
  }
}
