{
  "shape": [
    224,
    224
  ],
  "sum": 1.0,
  "min": 2.5267609593475957e-06,
  "max": 0.0009928233996505083,
  "argmax_yx": [
    104,
    105
  ],
  "center_yx": [
    112,
    112
  ],
  "center_value": 1.7488732652956833e-05,
  "com_x": 108.63096347651638,
  "com_y": 106.8668902551475,
  "radial_cumulative_mass": {
    "5": 0.005839281233421114,
    "10": 0.04162585699912881,
    "20": 0.14652987615005658,
    "30": 0.23197745384243285,
    "40": 0.29807299786789443,
    "60": 0.43974742066132483,
    "80": 0.579098020492084
  },
  "data_config": {
    "input_size": [
      3,
      224,
      224
    ],
    "interpolation": "bicubic",
    "mean": [
      0.485,
      0.456,
      0.406
    ],
    "std": [
      0.229,
      0.224,
      0.225
    ],
    "crop_pct": 1.0,
    "crop_mode": "center"
  }
}
