{
  "shape": [
    224,
    224
  ],
  "sum": 1.0,
  "min": 2.1810408197253515e-06,
  "max": 0.0004890320002549184,
  "argmax_yx": [
    106,
    100
  ],
  "center_yx": [
    112,
    112
  ],
  "center_value": 6.638889300272568e-05,
  "com_x": 107.54534516212492,
  "com_y": 106.13950009118318,
  "radial_cumulative_mass": {
    "5": 0.007610612121690632,
    "10": 0.036734883315411374,
    "20": 0.15090518601090394,
    "30": 0.25604163230489013,
    "40": 0.33793332846249485,
    "60": 0.4662734520904263,
    "80": 0.5918621293281117
  },
  "data_config": {
    "input_size": [
      3,
      224,
      224
    ],
    "interpolation": "bicubic",
    "mean": [
      0.485,
      0.456,
      0.406
    ],
    "std": [
      0.229,
      0.224,
      0.225
    ],
    "crop_pct": 1.0,
    "crop_mode": "center"
  }
}
