{
  "shape": [
    224,
    224
  ],
  "sum": 1.0,
  "min": 3.003483813728634e-06,
  "max": 0.00047782231409314725,
  "argmax_yx": [
    102,
    100
  ],
  "center_yx": [
    112,
    112
  ],
  "center_value": 6.0612754484463494e-05,
  "com_x": 107.02867110986871,
  "com_y": 106.24584049568588,
  "radial_cumulative_mass": {
    "5": 0.007111083647502066,
    "10": 0.03426892793095866,
    "20": 0.14758921071901143,
    "30": 0.25893634833670437,
    "40": 0.34316749601388785,
    "60": 0.47371563999065375,
    "80": 0.59917904837627
  },
  "data_config": {
    "input_size": [
      3,
      224,
      224
    ],
    "interpolation": "bicubic",
    "mean": [
      0.485,
      0.456,
      0.406
    ],
    "std": [
      0.229,
      0.224,
      0.225
    ],
    "crop_pct": 1.0,
    "crop_mode": "center"
  }
}
