{
  "shape": [
    224,
    224
  ],
  "sum": 1.0,
  "min": 2.4310706631462647e-06,
  "max": 0.0022481089316999355,
  "argmax_yx": [
    103,
    105
  ],
  "center_yx": [
    112,
    112
  ],
  "center_value": 2.0422386205976937e-05,
  "com_x": 107.51509021366803,
  "com_y": 106.36698150421606,
  "radial_cumulative_mass": {
    "5": 0.006310948517495434,
    "10": 0.05173021248515436,
    "20": 0.18285550318239413,
    "30": 0.2524064552682945,
    "40": 0.3100079286054369,
    "60": 0.446092145916011,
    "80": 0.5763709256796469
  },
  "data_config": {
    "input_size": [
      3,
      224,
      224
    ],
    "interpolation": "bicubic",
    "mean": [
      0.485,
      0.456,
      0.406
    ],
    "std": [
      0.229,
      0.224,
      0.225
    ],
    "crop_pct": 0.9,
    "crop_mode": "center"
  }
}
