{
  "shape": [
    224,
    224
  ],
  "sum": 1.0,
  "min": 7.531338243805668e-06,
  "max": 0.0002054844332630488,
  "argmax_yx": [
    118,
    117
  ],
  "center_yx": [
    112,
    112
  ],
  "center_value": 0.00010126834396405694,
  "com_x": 110.98971667320538,
  "com_y": 111.0221506689679,
  "radial_cumulative_mass": {
    "5": 0.009394431689827608,
    "10": 0.03777315765095633,
    "20": 0.12755659065313563,
    "30": 0.2005803246973039,
    "40": 0.2724816204190472,
    "60": 0.4201522554749195,
    "80": 0.5661136120328358
  },
  "data_config": {
    "input_size": [
      3,
      224,
      224
    ],
    "interpolation": "bicubic",
    "mean": [
      0.485,
      0.456,
      0.406
    ],
    "std": [
      0.229,
      0.224,
      0.225
    ],
    "crop_pct": 0.9,
    "crop_mode": "center"
  }
}
