{
  "shape": [
    224,
    224
  ],
  "sum": 1.0,
  "min": 3.7628013815773593e-06,
  "max": 0.0009929455267289548,
  "argmax_yx": [
    105,
    102
  ],
  "center_yx": [
    112,
    112
  ],
  "center_value": 2.2051180428781056e-05,
  "com_x": 109.534995394612,
  "com_y": 107.49482358821837,
  "radial_cumulative_mass": {
    "5": 0.006815661664970867,
    "10": 0.04320574513032274,
    "20": 0.1461441451434931,
    "30": 0.21427104018809567,
    "40": 0.270415670065307,
    "60": 0.39374395920826155,
    "80": 0.530532804877302
  },
  "data_config": {
    "input_size": [
      3,
      224,
      224
    ],
    "interpolation": "bicubic",
    "mean": [
      0.485,
      0.456,
      0.406
    ],
    "std": [
      0.229,
      0.224,
      0.225
    ],
    "crop_pct": 0.9,
    "crop_mode": "center"
  }
}
