{
  "shape": [
    224,
    224
  ],
  "sum": 1.0,
  "min": 0.0,
  "max": 0.0004626160126508605,
  "argmax_yx": [
    88,
    130
  ],
  "center_yx": [
    112,
    112
  ],
  "center_value": 0.0,
  "com_x": 115.01853908387238,
  "com_y": 98.48202334198028,
  "radial_cumulative_mass": {
    "5": 0.0035147274663578144,
    "10": 0.011619631853463624,
    "20": 0.03641925896112111,
    "30": 0.09650052179101971,
    "40": 0.17379624682512906,
    "60": 0.3396324962840247,
    "80": 0.5407932740573318
  },
  "data_config": {
    "input_size": [
      3,
      224,
      224
    ],
    "interpolation": "bicubic",
    "mean": [
      0.485,
      0.456,
      0.406
    ],
    "std": [
      0.229,
      0.224,
      0.225
    ],
    "crop_pct": 0.875,
    "crop_mode": "center"
  }
}
