{
  "shape": [
    224,
    224
  ],
  "sum": 1.0,
  "min": 0.0,
  "max": 0.0009665181593095158,
  "argmax_yx": [
    110,
    102
  ],
  "center_yx": [
    112,
    112
  ],
  "center_value": 9.672712075961498e-05,
  "com_x": 113.79105466387868,
  "com_y": 102.59372030371458,
  "radial_cumulative_mass": {
    "5": 0.008624601181511022,
    "10": 0.031114207034869903,
    "20": 0.08613922293687815,
    "30": 0.14026487632359347,
    "40": 0.20065367709619344,
    "60": 0.32309327914105934,
    "80": 0.46145426842884457
  },
  "data_config": {
    "input_size": [
      3,
      224,
      224
    ],
    "interpolation": "bicubic",
    "mean": [
      0.485,
      0.456,
      0.406
    ],
    "std": [
      0.229,
      0.224,
      0.225
    ],
    "crop_pct": 0.9,
    "crop_mode": "center"
  }
}
