{
  "shape": [
    224,
    224
  ],
  "sum": 1.0000000000000002,
  "min": 0.0,
  "max": 0.000715282112527411,
  "argmax_yx": [
    114,
    104
  ],
  "center_yx": [
    112,
    112
  ],
  "center_value": 0.0,
  "com_x": 113.23133201553284,
  "com_y": 110.0987041633378,
  "radial_cumulative_mass": {
    "5": 0.007528010628154786,
    "10": 0.023547643813444326,
    "20": 0.0676756907265425,
    "30": 0.1536002352982046,
    "40": 0.2532339262423008,
    "60": 0.4377230174444679,
    "80": 0.6333916477233554
  },
  "data_config": {
    "input_size": [
      3,
      224,
      224
    ],
    "interpolation": "bicubic",
    "mean": [
      0.485,
      0.456,
      0.406
    ],
    "std": [
      0.229,
      0.224,
      0.225
    ],
    "crop_pct": 0.875,
    "crop_mode": "center"
  }
}
