{
  "shape": [
    224,
    224
  ],
  "sum": 1.0,
  "min": 0.0,
  "max": 0.0006479199102199057,
  "argmax_yx": [
    92,
    132
  ],
  "center_yx": [
    112,
    112
  ],
  "center_value": 5.844491844493607e-05,
  "com_x": 104.03243543807855,
  "com_y": 101.48667472625701,
  "radial_cumulative_mass": {
    "5": 0.002438842836106134,
    "10": 0.009743361574560957,
    "20": 0.04010598574338406,
    "30": 0.10539455098684554,
    "40": 0.18763476365272924,
    "60": 0.40901491535717516,
    "80": 0.6205172876963795
  },
  "data_config": {
    "input_size": [
      3,
      224,
      224
    ],
    "interpolation": "bicubic",
    "mean": [
      0.485,
      0.456,
      0.406
    ],
    "std": [
      0.229,
      0.224,
      0.225
    ],
    "crop_pct": 0.95,
    "crop_mode": "center"
  }
}
