{
  "shape": [
    224,
    224
  ],
  "sum": 1.0000000000000002,
  "min": 0.0,
  "max": 0.000915548479543492,
  "argmax_yx": [
    96,
    99
  ],
  "center_yx": [
    112,
    112
  ],
  "center_value": 2.6184889213800004e-05,
  "com_x": 111.77637231722308,
  "com_y": 104.95466296524577,
  "radial_cumulative_mass": {
    "5": 0.0032841484473654396,
    "10": 0.02146855320478079,
    "20": 0.09364487391535893,
    "30": 0.15726298497394325,
    "40": 0.21920429251147988,
    "60": 0.33969059293012704,
    "80": 0.46858115948511514
  },
  "data_config": {
    "input_size": [
      3,
      224,
      224
    ],
    "interpolation": "bicubic",
    "mean": [
      0.485,
      0.456,
      0.406
    ],
    "std": [
      0.229,
      0.224,
      0.225
    ],
    "crop_pct": 1.0,
    "crop_mode": "center"
  }
}
