{
  "shape": [
    224,
    224
  ],
  "sum": 1.0,
  "min": 0.0,
  "max": 0.0014497498627622876,
  "argmax_yx": [
    105,
    105
  ],
  "center_yx": [
    112,
    112
  ],
  "center_value": 2.902300277800383e-05,
  "com_x": 109.10601266585513,
  "com_y": 108.4601394410596,
  "radial_cumulative_mass": {
    "5": 0.002155831987341209,
    "10": 0.019496334134718074,
    "20": 0.06749907227692602,
    "30": 0.12826024960648355,
    "40": 0.18057998826464242,
    "60": 0.2828093435921024,
    "80": 0.40202436054182844
  },
  "data_config": {
    "input_size": [
      3,
      224,
      224
    ],
    "interpolation": "bicubic",
    "mean": [
      0.485,
      0.456,
      0.406
    ],
    "std": [
      0.229,
      0.224,
      0.225
    ],
    "crop_pct": 1.0,
    "crop_mode": "center"
  }
}
