{
  "shape": [
    224,
    224
  ],
  "sum": 1.0,
  "min": 0.0,
  "max": 0.0010213968685794036,
  "argmax_yx": [
    128,
    126
  ],
  "center_yx": [
    112,
    112
  ],
  "center_value": 0.00010193506022736213,
  "com_x": 112.84810521751663,
  "com_y": 98.77487832554547,
  "radial_cumulative_mass": {
    "5": 0.006870330207259334,
    "10": 0.01760843868274268,
    "20": 0.07534605404023352,
    "30": 0.13449886140928374,
    "40": 0.21279268467640383,
    "60": 0.37565181415130966,
    "80": 0.5344750640068402
  },
  "data_config": {
    "input_size": [
      3,
      224,
      224
    ],
    "interpolation": "bicubic",
    "mean": [
      0.5,
      0.5,
      0.5
    ],
    "std": [
      0.5,
      0.5,
      0.5
    ],
    "crop_pct": 0.9,
    "crop_mode": "center"
  }
}
