{
  "shape": [
    224,
    224
  ],
  "sum": 1.0,
  "min": 0.0,
  "max": 0.0005491262241621088,
  "argmax_yx": [
    103,
    60
  ],
  "center_yx": [
    112,
    112
  ],
  "center_value": 0.0,
  "com_x": 107.77956158237706,
  "com_y": 110.65663803306586,
  "radial_cumulative_mass": {
    "5": 0.001113092652103496,
    "10": 0.004924375309240656,
    "20": 0.02396236352074169,
    "30": 0.07780542370497037,
    "40": 0.15837768213677644,
    "60": 0.36225981611793057,
    "80": 0.5806830070457348
  },
  "data_config": {
    "input_size": [
      3,
      224,
      224
    ],
    "interpolation": "bicubic",
    "mean": [
      0.485,
      0.456,
      0.406
    ],
    "std": [
      0.229,
      0.224,
      0.225
    ],
    "crop_pct": 0.95,
    "crop_mode": "center"
  }
}
