{
  "shape": [
    224,
    224
  ],
  "sum": 1.0,
  "min": 0.0,
  "max": 0.0009737310160650877,
  "argmax_yx": [
    122,
    189
  ],
  "center_yx": [
    112,
    112
  ],
  "center_value": 9.252954844802081e-06,
  "com_x": 112.6066103239423,
  "com_y": 110.15541811975584,
  "radial_cumulative_mass": {
    "5": 0.008080299273434866,
    "10": 0.026100119232759574,
    "20": 0.06494149455173108,
    "30": 0.12125992495720503,
    "40": 0.17931385820972529,
    "60": 0.3152993760183421,
    "80": 0.4751952670897963
  },
  "data_config": {
    "input_size": [
      3,
      224,
      224
    ],
    "interpolation": "bicubic",
    "mean": [
      0.485,
      0.456,
      0.406
    ],
    "std": [
      0.229,
      0.224,
      0.225
    ],
    "crop_pct": 0.9,
    "crop_mode": "center"
  }
}
