{
  "shape": [
    224,
    224
  ],
  "sum": 1.0,
  "min": 0.0,
  "max": 0.001221096277433409,
  "argmax_yx": [
    107,
    106
  ],
  "center_yx": [
    112,
    112
  ],
  "center_value": 1.343624775694439e-06,
  "com_x": 112.54080045211879,
  "com_y": 103.08813311270319,
  "radial_cumulative_mass": {
    "5": 0.00679743004959168,
    "10": 0.026200957512178165,
    "20": 0.08384489832104512,
    "30": 0.13230261007907193,
    "40": 0.169432259964031,
    "60": 0.24114083936024,
    "80": 0.35117474941563653
  },
  "data_config": {
    "input_size": [
      3,
      224,
      224
    ],
    "interpolation": "bicubic",
    "mean": [
      0.485,
      0.456,
      0.406
    ],
    "std": [
      0.229,
      0.224,
      0.225
    ],
    "crop_pct": 0.9,
    "crop_mode": "center"
  }
}
