{
  "shape": [
    224,
    224
  ],
  "sum": 1.0,
  "min": 0.0,
  "max": 0.0028963004459447474,
  "argmax_yx": [
    200,
    55
  ],
  "center_yx": [
    112,
    112
  ],
  "center_value": 9.8088668838939e-06,
  "com_x": 104.16734805429223,
  "com_y": 124.95293786182431,
  "radial_cumulative_mass": {
    "5": 0.005486027011758892,
    "10": 0.0250375606526158,
    "20": 0.08527347429125756,
    "30": 0.12179710634313258,
    "40": 0.15486632736749484,
    "60": 0.23796775424112732,
    "80": 0.3511767381024907
  },
  "data_config": {
    "input_size": [
      3,
      224,
      224
    ],
    "interpolation": "bicubic",
    "mean": [
      0.5,
      0.5,
      0.5
    ],
    "std": [
      0.5,
      0.5,
      0.5
    ],
    "crop_pct": 0.9,
    "crop_mode": "center"
  }
}
